Title,Filename,Album,Year
"100,000 Tons of Steel","100,000_Tons_of_Steel.txt",In The Dark,1987
Alabama Getaway ,Alabama_Getaway.txt,Go To Heaven,1980
All New Minglewood Blues ,All_New_Minglewood_Blues.txt,Shakedown Street,1978
Alligator,Alligator.txt,Anthem Of The Sun,1968
Althea ,Althea.txt,Go To Heaven,1980
Attics Of My Life ,Attics_of_My_Life.txt,American Beauty,1970
Beat it on Down The Line,Beat_it_on_Down_The_Line.txt,The Grateful Dead,1967
Black Muddy River ,Black_Muddy_River.txt,In The Dark,1987
Black Peter,Black_Peter.txt,Workingman's Dead,1970
Blow Away ,Blow_Away.txt,Built To Last,1989
Blues For Allah,Blues_For_Allah.txt,Blues For Allah,1975
Born Cross-Eyed,Born_Cross-Eyed.txt,Anthem Of The Sun,1968
Box of Rain,Box_of_Rain.txt,American Beauty,1970
Brokedown Palace,Brokedown_Palace.txt,American Beauty,1970
Built To Last ,Built_to_Last.txt,Built To Last,1989
Candyman,Candyman.txt,American Beauty,1970
Casey Jones,Casey_Jones.txt,Workingman's Dead,1970
Caution,Caution.txt,Anthem Of The Sun,1968
China Cat Sunflower,China_Cat_Sunflower.txt,Aoxomoxoa,1969
China Doll,China_Doll.txt,Grateful Dead From The Mars Hotel,1974
Cold Rain and Snow,Cold_Rain_and_Snow.txt,The Grateful Dead,1967
Cosmic Charlie,Cosmic_Charlie.txt,Aoxomoxoa,1969
Crazy Fingers,Crazy_Fingers.txt,Blues For Allah,1975
Cream Puff War,Cream_Puff_War.txt,The Grateful Dead,1967
Cumberland Blues,Cumberland_Blues.txt,Workingman's Dead,1970
Dancing in the Streets,Dancing_in_the_Streets.txt,Terrapin Station,1977
Dire Wolf,Dire_Wolf.txt,Workingman's Dead,1970
Doin' That Rag,Doin'_That_Rag.txt,Aoxomoxoa,1969
Don't Ease Me In,Don't_Ease_Me_In.txt,Go To Heaven,1980
Dupree's Diamond Blues,Dupree's_Diamond_Blues.txt,Aoxomoxoa,1969
Easy To Love You,Easy_To_Love_You.txt,Go To Heaven,1980
Easy Wind,Easy_Wind.txt,Workingman's Dead,1970
Estimated Prophet,Estimated_Prophet.txt,Terrapin Station,1977
Eyes Of The World,Eyes_Of_The_World.txt,Wake Of The Flood,1973
Far From Me ,Far_From_Me.txt,Go To Heaven,1980
Feel Like A Stranger ,Feel_Like_A_Stranger.txt,Go To Heaven,1980
Fire On The Mountain,Fire_On_The_Mountain.txt,Shakedown Street,1978
Foolish Heart ,Foolish_Heart.txt,Built To Last,1989
France ,France.txt,Shakedown Street,1978
Franklin's Tower,Franklin's_Tower.txt,Blues For Allah,1975
Friend of the Devil,Friend_of_the_Devil.txt,American Beauty,1970
From the Heart of Me,From_the_Heart_of_Me.txt,Shakedown Street,1978
Good Lovin',Good_Lovin'.txt,Shakedown Street,1978
Good Morning Little Schoolgirl,Good_Morning_Little_Schoolgirl.txt,The Grateful Dead,1967
Hell in a Bucket,Hell_in_a_Bucket.txt,In The Dark,1987
Help on the Way,Help_on_the_Way.txt,Blues For Allah,1975
Here Comes Sunshine,Here_Comes_Sunshine.txt,Wake Of The Flood,1973
High Time,High_Time.txt,Workingman's Dead,1970
I Need A Miracle ,I_Need_A_Miracle.txt,Shakedown Street,1978
I Will Take You Home ,I_Will_Take_You_Home.txt,Built To Last,1989
If I Had The World To Give,If_I_Had_The_World_To_Give.txt,Shakedown Street,1978
Just A Little Light ,Just_a_Little_Light.txt,Built To Last,1989
Let Me Sing Your Blues Away,Let_Me_Sing_Your_Blues_Away.txt,Wake Of The Flood,1973
Loose Lucy,Loose_Lucy.txt,Grateful Dead From The Mars Hotel,1974
Lost Sailor ,Lost_Sailor.txt,Go To Heaven,1980
Mississippi Halfstep Uptown Toodeloo,Mississippi_Halfstep_Uptown_Toodeloo.txt,Wake Of The Flood,1973
"Money, Money","Money,_Money.txt",Grateful Dead From The Mars Hotel,1974
Morning Dew,Morning_Dew.txt,The Grateful Dead,1967
Mountains of the Moon,Mountains_of_the_Moon.txt,Aoxomoxoa,1969
New Minglewood Blues,New_Minglewood_Blues.txt,The Grateful Dead,1967
New Potato Caboose,New_Potato_Caboose.txt,Anthem Of The Sun,1968
New Speedway Boogie,New_Speedway_Boogie.txt,Workingman's Dead,1970
Operator,Operator.txt,American Beauty,1970
Passenger ,Passenger.txt,Terrapin Station,1977
Picasso Moon ,Picasso_Moon.txt,Built To Last,1989
Pride of Cucamonga,Pride_of_Cucamonga.txt,Grateful Dead From The Mars Hotel,1974
Ripple,Ripple.txt,American Beauty,1970
Rosemary,Rosemary.txt,Aoxomoxoa,1969
Row Jimmy,Row_Jimmy.txt,Wake Of The Flood,1973
Saint of Circumstance,Saint_of_Circumstance.txt,Go To Heaven,1980
Saint Stephen,Saint_Stephen.txt,Aoxomoxoa,1969
Samson and Delilah,Samson_and_Delilah.txt,Terrapin Station,1977
Scarlet Begonias,Scarlet_Begonias.txt,Grateful Dead From The Mars Hotel,1974
Shakedown Street ,Shakedown_Street.txt,Shakedown Street,1978
Ship of Fools,Ship_of_Fools.txt,Grateful Dead From The Mars Hotel,1974
Sitting on Top of the World,Sitting_on_Top_of_the_World.txt,The Grateful Dead,1967
Stagger Lee ,Stagger_Lee.txt,Shakedown Street,1978
Standing On The Moon ,Standing_on_the_Moon.txt,Built To Last,1989
Stella Blue,Stella_Blue.txt,Wake Of The Flood,1973
Sugar Magnolia,Sugar_Magnolia.txt,American Beauty,1970
Sunrise ,Sunrise.txt,Terrapin Station,1977
Terrapin Station - Lady With a Fan,Terrapin_Station_-_Lady_With_a_Fan.txt,Terrapin Station,1977
That's It For The Other One,That's_It_For_The_Other_One.txt,Anthem Of The Sun,1968
The Golden Road (to unlimited devotion),The_Golden_Road_(to_unlimited_devotion).txt,The Grateful Dead,1967
The Music Never Stopped,The_Music_Never_Stopped.txt,Blues For Allah,1975
Throwing Stones ,Throwing_Stones.txt,In The Dark,1987
Till The Morning Comes,Till_The_Morning_Comes.txt,American Beauty,1970
Touch Of Grey ,Touch_of_Grey.txt,In The Dark,1987
Truckin',Truckin'.txt,American Beauty,1970
U.S. Blues,U.S._Blues.txt,Grateful Dead From The Mars Hotel,1974
Unbroken Chain,Unbroken_Chain.txt,Grateful Dead From The Mars Hotel,1974
Uncle John's Band,Uncle_John's_Band.txt,Workingman's Dead,1970
Victim Or The Crime ,Victim_or_the_Crime.txt,Built To Last,1989
Viola Lee Blues,Viola_Lee_Blues.txt,The Grateful Dead,1967
Weather Report Suite (Part I),Weather_Report_Suite_(Part_I).txt,Wake Of The Flood,1973
Weather Report Suite (Part II) - Let It Grow,Weather_Report_Suite_(Part_II)_-_Let_It_Grow.txt,Wake Of The Flood,1973
West L.A. Fadeaway,West_L.A._Fadeaway.txt,In The Dark,1987
What's Become of the Baby,What's_Become_of_the_Baby.txt,Aoxomoxoa,1969
When Push Comes to Shove,When_Push_Comes_to_Shove.txt,In The Dark,1987
